cluster_id,etalon_name
1,Режиссер театра
2,Конюх
3,Заведующий фил
4,Заведующая
5,Уборщик служебных помещений младший
6,Заведующий фапом
7,Специалист по обеспечению безопасности движения
8,Врач лаборант
9,Заведующий пункт- фельдшер
10,Художественный руководитель
11,Старший тренер преподаватель
12,Слесарь-ремонтик
13,Заведующий
14,Глава
15,Киномеханик к-ки
16,Заведующий пунктом акушер
17,Заведующий поликлиникой- врач-невролог
18,Заместитель начальника центра
19,Начальник
20,Санитарка кабинета
21,Директор центра
22,Оператор электр-вычис вычис машин
23,Первый заместитель главы начальник управления
24,Директор
25,Руководитель
26,Врач
27,Инженер
28,Педагог- организатор
29,Педагог социальный
30,Педагог
31,Заместитель директора по мед части
32,Специалист по охране труда уровня
33,Инструктор по воспитанию
34,Электромонтер по ремонту обслуживанию электрооборудования
35,Заведующий ветучастком
36,Младший научный сотрудник
37,Заместитель директора
38,Управляющий делами
39,Учитель
40,Мастер по промыслам
41,Рабочий по обслуживанию кортов
42,Ветеринарный фельдшер
43,Воспитатель
44,Главный специалист эксперт архитектор
45,Заведующий отделением паллиативной помощи взрослым-врач
46,Врач- инфекционист
47,Заместитель начальника отдела
48,Преподаватель без кат
49,Заместитель врача по кэр
50,Врач- педиатр участковый
51,Консультант управления организационной правовой кадровой
52,Врач травматолог-ортопед
53,Председатель
54,Учитель- логопед
55,Заведующий отделением врач отделения
56,Ведущий специалист диспетчер системы
57,Методист
58,Заведующий ветеринарным участком
59,Сестра кабинета врача-эндоскописта
60,Уборщик служебных помещений пункт
61,Бухгалтер
62,Водитель
63,Сестра врача хирурга
64,Заведующий отделением -врач-хирург
65,Ведущий специалист эксперт отдела социального
66,Начальник управления реестра актовых записей
67,Заведующий лабораторией врач-лаборант
68,Охотовед
69,Машинист погрузочной машины
70,Оператор
71,Слесарь газовой
72,Врач диагностии
73,Руководитель формирования
74,Пдо
75,Главный эксперт по мобилизационной подготовке
76,Заместитель главы
77,Врач стоматолог-хирург
78,Начальника отдела опеки попечительства
79,Секретарь
80,Ведущий специалист
81,Лектор
82,Техник-электрик
83,Ведущий специалист -эксперт секретарь административной
84,Совместитель
85,Научный сотрудник артист оркестра
86,Начальник отдела архитектуры градостроительства
87,Ведущий инженер программист отдела административно-хозяйственного
88,Начальник отдела- главный бухгалтер
89,Заведующий поликлиникой врач -терапевт
90,Заведующий поликлиникой врач психиатр
91,Ведущий специалист-эксперт отдела по опеке
92,Педагог- психолог
93,Заместитель главный врача по моб
94,Шеф- повар
95,Врач- уролог- андролог
96,Ведущий бухгалтер по учету отчетности
97,Специалист по контрольно-измерительным приборам автоматике
98,Киномеханик киноустановки
99,Врач-хирург поликлиники
100,Концертмейстер квалификационной категории
101,Врач анестезиолог-реаниматолог
102,Заместитель начальника отдела средств техники
103,Врач- рентгенолог
104,Программист
105,Уборщик служ помещ к-та -дет
106,Врач- неонатолог
107,Главный специалист-эксперт упарвления образования
108,Работник по благоустройству
109,Врач-гастроэнтеролог
110,Артист
111,Водитель автомобиля категории
112,Врач -педиатр
113,Врач ультразвуковой диагностики
114,Ведущий специалист-эксперт отдела защиты населения
115,Уборщик помещения
116,Врач стоматолог-терапевт
117,Помощник главы
118,Ведущий менеджер
119,Инструктор методист
120,Водитель отдела транспорта жкх
121,Оператор набора верстки
122,Инженер по охране труда
123,Специалист
124,Заместитель директора по работе
125,Главный специалист-эксперт референт службы класса
126,Заведующий архивохранилищем отдела комплектования обеспечения
127,Помощник врача -эпидемиолога
128,Заведующий отделением врач-терапевт
129,Маляр
130,Заведующий отделением врач-кардиолог
131,Артист-концертный исполнитель коллектива
132,Врач- терапевт
133,Главный специалист отдела учета отчетности
134,Слесарь ремонтник
135,Сестра кабинета врача педиатора ребенка
136,Инженер- программист
137,Заведующий отделением врач-хирург
138,Начальник отдела контроля за соблюдением
139,Преподаватель
140,Секретарь-администратор
141,Заместитель председателя правительства министр
142,Санитарка отделения
143,Врач -профпатолог
144,Художник
145,Заведующая отделом обслуживания
146,Помощник повара
147,Заместитель председателя комитета-начальник управления
148,Начальник отдела сопровождения контроля образования
149,Начальник управления строительства архитектуры жкх
150,Учитель математики классы
151,Заместитель начальника еддс старший дежурный
152,Электромеханик по ремонту обслуживанию медицинского
153,Врач фармаколог
154,Ведущий консультант управления организации развития
155,Врач- фтизиатр участковый
156,Библиотекарь
157,Начальник отдела цифровой трансформации управления
158,Специалист отдела загс
159,Лаборатный техник
160,Хормейстер народ коллект любител художем
161,Мастер производственного обучения
162,Санитар
163,Фельдшер
164,Главный консультант
165,Врач- офтальмолог
166,Педагог -библиотекарь
167,Врач- хирург
168,Санитарка уборщица палатная
169,Тренер
170,Ведущий консультант отдела организации обеспечения
171,Заведующая отделением социального обслуживания на
172,Кассир билет
173,Мастер высшая кат
174,Подсобный рабочий
175,Машинист по стирке ремонту одежды
176,Главный специалист-эксперт главный бухгалтер
177,Главный специалист- эксперт ответственный секретарь
178,Заведующий отделением врач-уролог
179,Консультант отдела по защите государственной
180,Заместитель руководителя начальник еддс
181,Заместитель работе
182,Начальник отдела
183,Заместитель начальника управления начальник отдела
184,Сестра-хозяйка
185,Врач -дерматовенеролог
186,Фельдшер пункт
187,Специалист по кадрам
188,Главный государственный охотничий инспектор
189,Руководитель аппарата собрания
190,Врач-эндокринолог
191,Начальник отдела отраслевой цифровой трансформации
192,Дворник
193,Старший контролер
194,Заведующий отделением помощи врач помощи
195,Учитель -дефектолог
196,Врач- стоматолог
197,Заместитель врача по амбулаторно работе
198,Столяр
199,Артист оркестра
200,Начальник отдела внедрения сопровождения информационных
201,Фельдшер- лаборант
202,Главный специалист информационно-технического отдела
203,Библиотекарь пвк киреевка
204,Ведущий эксперт управления организации службы
205,Заведующий консультацией-врач-акушер-гинеколог
206,Руководитель центра музейной педагогики
207,Педагог доп образ
208,Ведущий специалист-эксперт отдела по управлению
209,Исполняющий обязанности начальника отдела
210,Главный государственный инженер-инспектор городов районов
211,Главный специалист
212,Мед регистратор
213,Врач-статистик
214,Начальник управления
215,Заведующий отделением профилактики для взрослых-врач
216,Главный бухгалтер-начальник финансового отдела
217,Специалист по связям общественностью
218,Начальник отдела ветеринарно-санитарной экспертизы
219,Начальник отдела правовой работы
220,Врач -невролог
221,Врач-эпидемиолог
222,Рабочая по кухне
223,Редактор-консультант
224,Главный специалист-эксперт по землеустройству отдела
225,Главный специалист-эксперт комиссии по делам
226,Главный специалист-эксперт юридического отдела
227,Заведующий производством
228,Заведующий фельдшерско пунктом-фельдшер
229,Инструктор по физо
230,Начальник участка
231,Музыкальный руководитель
232,Оператор хлораторной установки
233,Директра
234,Ветеринарный лаборант
235,Художник фотограф
236,Вахтер
237,Сестра кабинета врача хирурга
238,Председатель комитета
239,Врач трав -ортопед
240,Заместитель главного-бухгалтера-начальник отдела нефинансовых активов
241,Госинспектор по охране диких животных
242,Заместитель начальника управления
243,Врач- стажер
244,Специалист отдела
245,Рабочий по стирке белья ремонту
246,Главный специалист-эксперт по информационной кадровой
247,Специалист-эксперт
248,Преподаватель отделения
249,Кладовщик инвентаря
250,Заведующий отделением- врач-стоматолог
251,Учитель языка
252,Начальник отдела сетевой инфраструктуры сопровождения
253,Ведущий консультант отдела аналитики цифровизации
254,Младший воспитатель группы
255,Санитарка
256,Механик
257,Санитарка буфетчица
258,Начальник отдела строительства архитектуры
259,Ведущий библиотекарь зала
260,Артист-концертный исполнитель оркестра
261,Врач отделения-врач-терапевт
262,Исполняющий обязанности заместителя главы
263,Врач- психиатр
264,Главный специалист-эксперт по животноводству
265,Заместитель председателя собрания
266,Сестра врача эндокринолога
267,Повар
268,Главный специалист-эксперт по организационной работе
269,Врач-специалист
270,Художник-реставратор
271,Начальник отдела по реализации молодежных
272,Начальник отдела надзоров
273,Заместитель врача по клинико- экспертной
274,Начальник отдела надзора
275,Глава города
276,Кухонный рабочий
277,Заведующий учебно-производственной
278,Уборщик служ помещ отд
279,Старший инспектор-делопроизводитель
280,Учитель организатор обх
281,Заместитель врача
282,Мойщик посуды
283,Тренер-преподаватель р ч
284,Заместитель председателя комитета-начальник отдела культуры
285,Режиссер постановщик
286,Реммастер
287,Ведущий инспектор по кадрам
288,Уборщик служ помещ отд реаб
289,Управляющий сельскохозяйственным участком
290,Ведущий эксперт отдела мобилизационной готовности
291,Слесарь-сантехник ахо
292,Дириж ансамбль народных инструментов
293,Рабочий по благоустройству населенных пунктов
294,Помощник воспитателя
295,Главный специалист- эксперт
296,Учитель опк
297,Врач реабилитационной медицины
298,Начальник отдела экспертизы
299,Аккомпаниатор
300,Уборщик помещений
301,Тренер -преподаватель
302,Художник постановщик
303,Врач окулист
304,Заместитель главный врача
305,Заведующий отделением врач-оториноларинголог
306,Старший мастер обучения
307,Начальник управления планирования зонирования
308,Ведущий инспектор отдела центра занятости
309,Машинист по ремонту стирке спецодежды
310,Учитель искусства
311,Дежурный водитель еддс
312,Заместитель главы города
313,Заместитель министра-начальник управления
314,Системный администратор систем
315,Начальник асф города курска
316,Заместитель директора по спортивной работе
317,Начальник службы
318,Начальник отдела юридического сопровождения услуг
319,Ведущий инженер
320,Педагог доп образования
321,Врач-невропатолог
322,Заведующий терап отд врач тер
323,Техник- программист
324,Заведующий отделением врач по рентгенэндоваскулярным
325,Врач -эндоскопист
326,Социальный педагог
327,Главный специалист-эксперт отдела экономики
328,Заведующий дневным стационаром врач-оториноларинголог
329,Инженер по инвентаризации строений сооружений
330,Руководитель колектива
331,Заведующий сопровождением
332,Инструктор-методист по адаптивной культуре
333,Начальника отдела учета
334,Методист по работе детскими юношесткими
335,Заведующий центром
336,Начальник иссл лаборатории
337,Рентген-лаборант
338,Заместитель начальника финансово-экономического отдела экономист
339,Художник модельер костюма
340,Заместитель начальника еддс
341,Рабочий по кухни
342,Заместитель директора главный инженер
343,Ведущий эксперт управления экономики финансов
344,Специалист по работе еис
345,Начальник управления экономического планирования государственных
346,Учитель истории обществознания
347,Убрщик служебных помещений
348,Заместитель директора по учебной работе
349,Начальник управления правовой работы государственной
350,Техник-энергетик
351,Бухгалтер ревизор
352,Заведующий художественно постановочной частью
353,Редактор-аналитик
354,Ветеринарный врач
355,Уборщик служебных помещений фапа
356,Заведующая отделением реабилитации
357,Художник декоратор
358,Учитель технологии
359,Учитель биологии
360,Специалист по ведению учета
361,Аккомпониатор
362,Врач психиатр- нарколог
363,Врач- терапевт подростковый
364,Начальника юридического отдела
365,Преподаватель духовых инструментов
366,Заведующий хозяйством
367,Заведующий машиноописным бюро
368,Инспектор кадров
369,Сестра кабинета врача трансфузиолога
370,Врач-гериатр
371,Дизайнер-график
372,Ведущий специалист-эксперт отдела кадровой организационной
373,Режиссер
374,Специалист по охране труда
375,Пдо по познав развитию
376,Секретарь -машинистка
377,Заместитель врача по вопросам
378,Врач бактериолог
379,Консультант отдела экономического развития трудовых
380,Глава поселка медвенка
381,Врач стац
382,Консультант отдела жилищно хозяйства щигры
383,Уборщик производственных помещений
384,Сторож теткино
385,Врач акушер гинеколог поликлиники
386,Ведущий спрециалист-эксперт
387,Начальник управления кадровой политики государственной
388,Водитель по труд договору
389,Оперативный дежурный
390,Корреспондент -ой категории
391,Начальник управления организации обеспечения
392,Психолог
393,Заведующий читальным залом
394,Техник
395,Специалист по переданным полномочиям
396,Заместитель дир по хоз части
397,Ведущий бухгалтер контрактный управляющий
398,Начальник отдела по общим вопросам
399,Заведующий отделением врач-физиотерапевт
400,Уборщик служ помощник общепол немед
401,Главный врач медицинского пункта стадиона
402,Рентгенолаборант
403,Специалист по земельным имущественным вопросам
404,Специалист по смм-продвижению
405,Заместитель губернатора
406,Начальник уч-ка
407,Консультант отдела
408,Зубной техник
409,Заведующая сектором обслуживания
410,Врач по физиотерапии
411,Начальник отдела жкх управления строительства
412,Кочегар
413,Ведущий специалист-эксперт отдела апк природопользования
414,Системный администратор
415,Ведущий специалист-эксперт ответственный секретарь комиссии
416,Ведущий библиотекарь абонемента
417,Специалист по вус
418,Дежурный оперативный
419,Концертмейстер
420,Заведующий отделом работы
421,Заведующий кабинетом-врач-методист
422,Врач -стоматолог ортопед
423,Врач-патологоанатом
424,Заместитель начальника
425,Методист лаборатории инновационных проектов обеспечения
426,Библиотекарь центра правовой информации
427,Уборщик служ помещ
428,Заместитель начальника отдела программир-я обслуж-я
429,Консультант управления финансов
430,Врач-педиатр орви
431,Врач ультразвуковой диагностики кабинет врача
432,Помощник руководителя
433,Заведующий садом
434,Врач лаборатории
435,Старший вожатый
436,Учитель информатики
437,Слесарь-монтажник оборудования
438,Заместитель главы по социальным вопросам
439,Врач-трансфузиолог
440,Уборщик производ служеб помещений
441,Начальник управления контроля организации карантина
442,Ведущий специалист-эксперт отдела информатизации предоставления
443,Преподаватель по внеклассной работе
444,Начальник управления делами организационной работы
445,Тренер-преподаватель по адаптивной культуре
446,Консультант отдела правовой организационной кадровой
447,Начальник отдела учета заработной платы
448,Фельд лаборант
449,Техник-смотритель
450,Ведущий специалист- эксперт
451,Рабочий
452,Педагог по предмету
453,Заместитель начальника инспекции-начальник отдела надзора
454,Служебная
455,Ведущий бухгалтер по начислению платы
456,Ведущий эксперт обеспечения
457,Консультант по управлению имуществом
458,Заведующий врачебной амбулаторией-врач-терапевт
459,Специалист -администратор баз данных пэвм
460,Врач-диетолог
461,Заместитель редактора редактор отдела обеспечения
462,Провизор-технолог
463,Редактор отдела
464,Секретарь учебной части
465,Руководитель центра тестирования
466,Заведующий сектором досуговой работы
467,Юрист-консульт
468,Заведующая отделом
469,Ведущий специалист-эксперт отдела загс
470,Осветитель
471,Паспортист
472,Ведущий специалист-эксперт по услугам информационно-коммуникационным
473,Врач общей практики
474,Консультант отдела контроля исполнения бюджетной
475,Редактор сайта
476,Старший фельдшер помощи
477,Заведующий отделением врач-челюстно-лицевой хирург
478,Первый заместитель министра строительства
479,Старший инстуктор-методист
480,Начальник отдела управления аграрной политики
481,Тех служащий
482,Заведующий отделением врач-аллерголог-иммунолог
483,Заместитель начальника управления государственных услуг
484,Врач-токсиколог
485,Начальник отдела жкх промышленности транспорта
486,Техник- слесарь
487,Заместитель начальник отдела обеспечения аппарата
488,Заместитель директора главный бухгалтер
489,Начальник инженерно-технического отдела
490,Преподаватель по хореографии
491,Санитарка бак отд
492,Заведующий педиатр отд
493,Художник постановщик театр эстрадных миниатюр
494,Учитель классов
495,Аппаратчик химводоочистки
496,Специалист по документации
497,Временно исполняющий обязанности начальника управления
498,Начальник отдела помощи отдельным категориям
499,Заведующий отделением врач -онколог
500,Ведущий специалист по работе молодежью
501,Начальник отдела аграрной политики
502,Бухгалтер уровня внутридолжностной категории
503,Кастелянша
504,Заведующая отделением социально обслуживания отделение
505,Санитарки
506,Заведующий отделением врач-нефролог
507,Заместитель директора по эксплуатации сооружения
508,Вахтер гардеробщик
509,Ведущий экономист по финансовой работе
510,Юрисконсульт отдела учета распределения жилой
511,Методист отдела досуга
512,Тьютор молодой специалист
513,Начальник отдела центра занятости населения
514,Начальник центра
515,Врач-пульмонолог
516,Начальник отдела стоительства градостоительства дорожной
517,Машинист компрессорных установок
518,Консультант собрания
519,Классное руководитель-во фед
520,Водитель класса главы города курска
521,Главный бухгалтер
522,Электромеханик
523,Ведущий инспектор органа
524,Специалист по снабжению
525,Начальник отдела расчетов юридическими физическими
526,Начальник отдела по земельным ресурсам
527,Заведующий сектором
528,Уборщик отдела физкультуры спорта
529,Учитель музыки
530,Уборщик помощник
531,Инспектор по организации трудоустройства учету
532,Машинист по старший белья
533,Оператор оборудования отходов
534,Заведующая сектором электронных информационных ресурсов
535,Главный специалист документовед
536,Инструктор-методист физкультурно-спортивных организаций
537,Главный специал -эксперт
538,Инженер по технике безопастности
539,Художественный руководитель ансамбля народных инструментов
540,Муз руководитель
541,Врач анест реан
542,Юрисконсульт
543,Специалист по учету музейных предметов
544,Ведущий программист по школьным информационный
545,Начальник отряда
546,Заместитель министра здравоохранения
547,Электромонт по ремонту эксплуатации электрооборудования
548,Начальник отдела животноводства экономического развития
549,Делопроизводитель старший
550,Дирижер
551,Консультант по вопросам социально-экономического развития
552,Ведущий специалист-эксперт по культуре спорту
553,Кух рабочая
554,Санитарка операционная
555,Специалист по организации водоснабжения населения
556,Заведующий гаража
557,Начальник группы хозяйственного обеспечения
558,Техник по эксплуотации оборудования газовых
559,Кассир -контролер
560,Сторож
561,Экспедитор по перевозке грузов
562,Ведущий специалист-эксперт по охране окружающей
563,Заместитель главы по вопросам
564,Руководитель главный редактор
565,Уборщица
566,Учитель библиот
567,Билетный кассир
568,Методист по кино
569,Заведующий отделением профилактики врач терапевт
570,Врач лабораторной диагностики
571,Экономист
572,Вожатый
573,Рабочий по кухне
574,Заведующий пункт акушерка
575,Заведующий лабораторией
576,Санитар клинико лаборатории
577,Водитель по участку
578,Учитель оош
579,Акушер кабинета врача акушер-гинеколога
580,Врач-психотерапевт
581,Заместитель председателя комитета
582,Ведущий специалист службы протокола
583,Заведующий отделением врач-радиолог
584,Юристконсульт
585,Контролер кассир
586,Руководитель ансамбля
587,Заведующий столовой
588,Специалист по делам молодежи спорта
589,Чтец мастер слова
590,Заведующая отделением пребывания
591,Начальник отдела по выплате пособий
592,Специалист по учету
593,Сестра участковая кабинета врача-терапевта
594,Начальник штаба
595,Специалист отдела экономики развития предпринимательства
596,Водитель машины
597,Уборщик помещения -ый пункт
598,Исполняющий обязанности заместителя главы делами
599,Ведущий специалист-эксперт отдела обеспечения города
600,Заведующий отд врач-инфекционист
601,Заместитель главы по финансам экономике
602,Преподаватель теории фортепиано
603,Медпсихолог
604,Начальник управления аграрной политики охраны
605,Санитарка мед персонала
606,Балетмейстер танца
607,Договор подряд
608,Заместитель директора по учеб работе
609,Специалист отдела правовой организ кадровой
610,Главный специалист-эксперт по назначению выплате
611,Ведущий специалист поддержки
612,Бухгалтер кассир
613,Начальник отдела перспективных проектов
614,Главный консультант управления организации ветеринарных
615,Машинист сцены
616,Заведующий отделением врач по паллиотивной
617,Врач экстренный невролог
618,Инженер по автоматизированным системам управления
619,Техник по ремонту обслуживанию ср-в
620,Медицинска сестра процедурной
621,Совм преподаватель проф цикла
622,Консультант отдела по мобилизационной работе
623,Старший инженер
624,Консультант архитектор
625,Врач бактериолог лаборатории
626,Врач венеролог
627,Санитарка ванщица
628,Водитель автобуса
629,Начальник отдела учета отчетности органов
630,Начальник отдела делопроизводства аппарата
631,Акушерка
632,Заместитель главы города фатежа
633,Столяр-плотник
634,Учитель вожатая
635,Главный специалист планово-экономического сектора
636,Начальник отдела архитектуры строительства жкх
637,Руководитель коллектива
638,Начальник отдела жкх транспорта связи
639,Начальник отдела хозяйственного обеспечения
640,Заведующий отделом по работе детьми
641,Препод -организ основам безопасности жизнедеятельности
642,Консультант главный бухгалтер
643,Санитар кабинета
644,Врач отоларинголог
645,Руководитель оркестровой студии
646,Секретарь-делопроизводитель
647,Врач по спортивной медицине
648,Репетитор по вокалу
649,Врач дерматолог
650,Начальник отдел
651,Тракторист
652,Специалист отдела закупок
653,Завед отд -врач-рефлексотерапевт
654,Уборщик служ помещений
655,Специалист анализа воды
656,Ведущий переводчик языка
657,Врач лаб диагностики
658,Начальник отдела римк
659,Заместитель врача по части по
660,Ио заведующего
661,Главный государственный инженер-инспектор курска
662,Инженер энергетик
663,Заведующий частью образцовый музыкальный театр
664,Заведующий отделением социального обслуживания
665,Архивариус
666,Специалист по контролю
667,Бухгалтер по учету питания учреждениях
668,Учитель труда
669,Санитар по трупов морг ночное
670,Старшая вожатая библиотекарь
671,Главный специалист по реализации целевых
672,Председатель контрольно счетной палаты
673,Буфетчица отд
674,Ведущий специалист-эксперт отдела
675,Ведущий специалист- эксперт по делам
676,Лаб техник
677,Главный специалист-эксперт отдела планирования исполнения
678,Начальник отдела выплат
679,Ведущий дизайнер
680,Главный специалист-эксперт управления инвестиционной политики
681,Концертмейстер по совместительству
682,Санитар кабинета врача-акушера-гинеколога поликлиники
683,Настройщик инструментов
684,Инженер объединенных служб
685,Начальник штаба обороны чрезвычайных ситуаций
686,Балетмейстер-постановщик
687,Руководитель-ль физ-го воспитания
688,Главный специалист отдел по предоставлению
689,Истопник
690,Слесарь- электрик
691,Руководитель центра
692,Хормейстер коллектива фольклорный ансамбль
693,Машинист кочегар
694,Преподаватель организатор
695,Начальник отдела транспорта жкх
696,Экономист по договорной работе
697,Методист по фонду
698,Начальник отдела использования публикации документов
699,Заведующий -й
700,Воспитатель сопровождающий
701,Заместитель директора- руководитель контрактной службы
702,Главный библиограф
703,Заведующий складом
704,Методист по воспитанию
705,Воспитатель направления худ развития
706,Главный конструктор института
707,Лаборант химии
708,Начальник отдела учета
709,Заместитель начальника отдела по капиталу
710,Ремонтировщик плоскостных спортивных сооружений
711,Специалист по выполнению полномочий
712,Начальник отдела аппарата
713,Слесарь-дорожный рабочий
714,Главный специалист-эксперт по труду отдела
715,Провизор
716,Экономист по учету анализу хозяйственной
717,Главный специалист-экономист
718,Администратор оркестра
719,Начальник мку
720,Инженер-проектировщик
721,Преподаватель баяна аккордеона
722,Слесарь- эелектрик по ремонту электрооборудования
723,Медсестракабинета
724,Главный специалист-эксперт сфере трудовых отношений
725,Секретарь руководителя
726,Воспитатель специалист
727,Начальник отдела соц обеспечения
728,Раздатчик нефтепродуктов
729,Санитарка палатная
730,Специалист отдела культуры по делам
731,Начальник центра врач-методист
732,Директор учреждения
733,Главный специалист-эксперт по вопросам архитектуры
734,Главный консультант отдела финансирования учета
735,Консультант по информац обеспечению
736,Мастер хозяйства
737,Художник-гример
738,Учитель истории основ православной культуры
739,Заместитель директора по учебно-производственной работе
740,Первый заместитель главы города льгова
741,Заведующий приит
742,Врач-травмотолог-ортопед
743,Рабочий по обслуживанию тепловых сетей
744,Пдо по воспитанию
745,Начальник упрвления по имуществу архитектуре
746,Заведующая сектором автоматизации
747,Заместитель директора по учету отчетности
748,Заведующий отделением лучевой диагностики врач-рентгенолог
749,Педагог-преподаватель основам безопасности жизнедеятельности
750,Специалист ответственный за обеспечение безопасности
751,Заведующая библиотеки чтения
752,Главный хранитель фондов
753,Инспектор-ведущий специалист-эксперт ревизионной комиссии
754,Воспитатель группы
755,Специалист по методике клубной работы
756,Старшая пионервожатая
757,Начальник отдела архитектуры строительства
758,Инженер-электроник
759,Ведущий бухгалтер по расчетам рабочими
760,Слесарь по ремонту обслуживанию систем
761,Учитель точка роста
762,Электромонтер по рем обслуж оборуд
763,Мероприятия по отлову содержанию безнадзорных
764,Заместитель начальника управления аграрной политики
765,Буфетчик
766,Ведущий эксперт управления
767,Начальник отдела учета культуры
768,Режисер массовых мероприятий
769,Зубной врач для дет
770,Рабочий по стирке специалист одежды
771,Заведующий костюмерной
772,Заместитель директора руководитель службы обеспечения
773,Артист ведущий мастер сцены
774,Начальник управления организационной работы развития
775,Заведующий отделением-врач-радиотерапевт
776,Ведущий специалист-эксперт по опеке попечительству
777,Руководитель кружка
778,Врач эксперт
779,Начальник отдела экономического анализа финансирования
780,Заведующий метод кабинетом
781,Главный библиотекарь
782,Консультант аппарата
783,Дежурный по корпусу
784,Учитель языка информатики
785,Врач кардиолог
786,Заместитель главы города курска
787,Консультант отдела по регулированию
788,Врач травмат -ортопед
789,Преподаватель дисциплин
790,Заведующий отделом культурно-досуговой работы
791,Старший инженер-проектировщик по организации движения
792,Заведующий отделом творчества
793,Уборщик производственных служебных помещений
794,Руководитель службы охраны труда
795,Главный специалист-эксперт по имущественным земельным
796,Воспиталь зпр
797,Учитель ритмики
798,Начальник отдела по информатизации государственных
799,Начальник отдела контроля
800,Глава образования
801,Санитар кабинета отделения
802,Заведующий отделом главный режиссер
803,Электромантер по ремонту обсл электроборуд
804,Заместитель директора по организации исполнения
805,Заведующий вет участком
806,Руководитель литературно частью
807,Начальник отд культуры
808,Контрол
809,Воспитатель группы дня
810,Заместитель начальника управления финансов начальник
811,Специалист по жанрам твор-ва
812,Заведующий архивом
813,Консультант по труду управления по
814,Главный специалист-эксперт по труду
815,Рабочий по ремонту оборудования
816,Главный специалист-заместитель начальника отдела программирования
817,Заведующий отделением-врач-ортодонт
818,Начальник отдела молодежной политики спорту
819,Младший воспитатель доп
820,Заведующий архивохранилищем
821,Заведующий -ый пункт
822,Техник по защите информации
823,Начальник финансового отдела по осуществлению
824,Начальник отдела экономического планирования исполнения
825,Экстренный ренген-лаборант
826,Рентгенлаборант кабинета
827,Начальник отдела обеспечения
828,Учитель начальник
829,Начальник отдела автоматизированных систем управления
830,Заместитель директора по библиотечной работе
831,Монтажник каркасно--обшивных конструкций
832,Библиотекарь солнечная
833,Ведущий специалист сектора
834,Начальник отдела -врач-методист
835,Врач по паллиативной помощи
836,Преподаватель гитары
837,Эксперт хозяйства
838,Ведущий специалист-эксперт отдела договорных расходных
839,Консультант по вопросам жкх охраны
840,Заведующий отделением врач по гигиене
841,Водитель автомобиля
842,Режис
843,Методист по работе
844,Помощник
845,Начальник отдела расчетов поставщиками подрядчиками
846,Учитель психолог лаборант
847,Дезинфектор
848,Заведующий хоз
849,Юрист консультант
850,Главный специалист-эксперт по эксплуатации инженерных
851,Х-ка
852,Начальник отдела развития инфраструктуры
853,Заведующий отделением
854,Ведущий эксперт управления кадровой организационной
855,Заведующая кабинетом
856,Заведующая учебной частью
857,Логопед-учитель
858,Консультанта по жилищно-бытовым вопросам
859,Воспитатель дополнительный
860,Заведующий кафедрой доцент
861,Инжинер-программист отдела обеспечения
862,Начальник отдела финансового хозяйственного учета
863,Главный специалист усзн
864,Секретарь судьи
865,Заведующий отделом работы студентами
866,Министр культуры
867,Врач акушер-гинеколог
868,Начальник административного отдела
869,Начальник центра прикладных квалификаций
870,Учитель старший классов
871,Заведующий аптекой
872,Переплетчик документов
873,Руководитель воспитания
874,Врач-сердечно-сосудистый хирург
875,Заведующий кабинетом профилактики- врач по
876,Обувщик
877,Методист ромц
878,Директор- начальник еддс
879,Преподаватель преподаватели
880,Врач по паллиат мед помощник
881,Мед сес каб врача-гериатра
882,Врач-терапевт круглосуточный стационар
883,Реставратор художественных изделий декоративных предметов
884,Заведующий мед отделением
885,Оператор очистных сооружений
886,Заместитель начальника единой службы
887,Земеститель главы
888,Профильный труд
889,Специалист по обеспечению проживающих нуждающихся
890,Специалист осуществляющий первичный учет
891,Культорганизатор
892,Заместитель директора по воспитат работе
893,Заведующая канцелярией
894,Заместитель руководителя службы юридического сопровождения
895,Экономист по снабжению
896,Учитель математики
897,Начальник отдела оборудования телефонной связи
898,Техник-электроник
899,Горничная
900,Токарь
901,Заведующий отделом кино-видеообслуживания
902,Заведующая отделением организации предоставления помощи
903,Врач-педиатр к-та неотложной помощи
904,Заместитель начальника по хозяйственным вопросам
905,Главный специалист-эксперт контроля
906,Бухгалтер -ой категории
907,Участковый врач-терапевт
908,Начальник учреждения совмещение
909,Врач терап дневн стац
910,Сетра врача -стоматолога -хирурга
911,Заведующий общежитием
912,Ведущий испектор
913,Педагог дополнит образования сов-ль
914,Начальника учреждения
915,Преподаватель-совместитель внешний
916,Инструктор-методист по лечебной физкультуре
917,Заведуюший
918,Заведующая сектором
919,Руководитель моц
920,Санитарка терапевт отд пол
921,Инженер по обслуживанию
922,Начальник отдела контроля качества результатов
923,Специалист разряда
924,Заведующий для детей
925,Ведущий инженер программист отдела средств
926,Начальник -главный бухгалтер
927,Завхоз
928,Врач фтизиатр
929,Главный специалист-эксперт отдела надзора за
930,Главный специалист-ответственный секретарь кдн
931,Специалист по расчетам организациями подотчетными
932,Врач нарколог
933,Преподаватель без квалификационной категории
934,Заведующий информационным центром
935,Заместитель директора по арх-главный арх
936,Заведующий отделением врач-торакальный хирург
937,Начальника инспекции
938,Специалист по делопроизводству
939,Слесарь-сантехник
940,Заместитель дир по гастр -конц
941,Заместитель главы по финансовым вопросам
942,Ведущий инженер-конструктор
943,Главный концертмейстер оркестра
944,Начальник отдела по учету органов
945,Начальник служб водопродно-канализационной кондиционирования воздуха
946,Начальник отдела по учету главный
947,Методист по народной традиционной культуре
948,Главный специалист-эксперт отдела инвестиционной политики
949,Главный специалист сектора
950,Электромонтажник-наладчик
951,Руководитель дискотеки
952,Главный инженер
953,Начальник цеха питания
954,Заведующий отделением врач-эндоскопист
955,Главный врач бму комитета здравоохранения
956,Механик по обслуживанию звуковой техники
957,Сторож-вахтер
958,Консультант отдела по правовым вопросам
959,Заведующий кабинетом
960,Главный специалист- эксперт отдела по
961,Старший диспечер
962,Руководитель учреждения
963,Начальник усзн
964,Асистент режиссера
965,Начальник отдела проверки достоверности определения
966,Педагог внеурочной деятельности
967,Учитель мбоу сош щигры
968,Заместитель директора руководитель технопарк курска
969,Столяр по изготовлению декораций
970,Заведующая крупецкой
971,Специалист по защите информации отдела
972,Врач-психиатр участковый
973,Учитель обществознания
974,Ведущий специалист оператор систем мониторинга
975,Рабочая по стирке ремонту белья
976,Инженер- электрик
977,Заместитель дир по учебным инновационным
978,Машинист по стирке ремонту специалист
979,Методист кат
980,Сторож-охранник
981,Режисер-постановщик
982,Начальник отдела финансирования отчетности
983,Заместитель главы совета
984,Начальник отдела организационно-кадровой работы
985,Инспектор центра занятости населения
986,Заведующий отделом массовой работы
987,Слесарь по обслуживанию тепловых тепловых
988,Массажист
989,Врач акушер-гениколог по экстренной помощи
990,Врач- уролог
991,Пдо по труду
992,Заведующий учебным хозяйством
993,Заведующий оперативным отделом
994,Заместитель директора по социальным вопросам
995,Главный консультант управления планирования
996,Начальник вус
997,Совм -пед доп образования пдо
998,Заведующий кабинетом статистик-врач-статистик
999,Методист по творчеству
1000,Классный руководитель
1001,Рабочий по зданию
1002,Заведующий спортивным комплексом
1003,Пдо по правосл развитию
1004,Специалист по обслуживанию ремонту инвентаря
1005,Кастелянши
1006,Заместитель директора по обслуживанию молодежи
1007,Главный специалист-эксперт по осуществлению бюджетных
1008,Заместитель директора по учебно-восп работе
1009,Заместитель заведующей по административно-хозяйственной части
1010,Начальник отдела социального обеспечния
1011,Начальник отдела по привлечению инвестиций
1012,Заместитель начальника отдела субсидий по
1013,Помощник режиссера
1014,Замдиректора
1015,Врач-терапевт дневной стационар
1016,Инструктор по труд обучению
1017,Директор школы
1018,Заведующий невролог отд
1019,Главный специалист-эксперт по работе населением
1020,Заместитель
1021,Аккомпаниатор ансамбля народных инструментов
1022,Врач -косметолог
1023,Работник
1024,Заместитель директора по экспертизе проектной
1025,Инженер по надзору по стр-ву
1026,Заведующая рмк
1027,Ветеринарный санитар
1028,Заведующий частью
1029,Врач терапии
1030,Инструктор по афк
1031,Начальник управления организационной финансовой кадровой
1032,Врач-ревматолог
1033,Пдо по позн развитию специалист
1034,Оператор станции
1035,Слесарь по эксплуатации ремонту оборудования
1036,Врач здравпункта
1037,Главный художник по свету
1038,Специалист по субсидиям
1039,Преподаватель-концертмейстер
1040,Врач методист
1041,Инженер по строительству ахо
1042,Преподаватель пения
1043,Заместитель отделом
1044,Инструктор производственного обучения рабочих массовых
1045,Заведующий гастро отд
1046,Хормейстер или коллектива
1047,Заведующий отделением -врач по лечебной
1048,Заместитель руководителя заведующий по деятельности
1049,Регистратор
1050,Настройщик пианино роялей
1051,Руководитель подразделения
1052,Тренер-преподаватель по адаптивной физкультуре
1053,Заведующий амбулаторным отделением реабилитации-врач-физиотерапевт
1054,Уборщик служебных помещений
1055,Старший оператор call центра
1056,Методист оимпд
1057,Заведующий секретариатом корреспондент отдела рекламы
1058,Спортсмен
1059,Заведующий орг метод отделом
1060,Оператор насосных установок
1061,Начальник отдела взаимодействия гражданами
1062,Комендант
1063,Заведующий мастерскими
1064,Сторож сов
1065,Директора
1066,Врио заместитель главы -начальника управления
1067,Мед сес офтальм
1068,Учитель химии
1069,Консультант по вопросам архитектуры градостроительства
1070,Начальник отдела учета отчетности учреждений
1071,Балетмейстер
1072,Сестра кабинета врача- невролога
1073,Художественный руководитель ансамбля песни
1074,Уполномоченный по правам реб нка
1075,Администратор моц
1076,Социальный работник
1077,Председатель собрания
1078,Инспектор соревнований
1079,Врача-педиатра кдо кабинет неотл мед
1080,Специалист-т по компл проф подготов
1081,Водитель класса автомобиля
1082,Начальник отдела учета учреждений подведомственных
1083,Библиотекарь цдб
1084,Ведущий специалист отдела апк
1085,Заведующий службой
1086,Заместитель директора по административным финансовым
1087,Врач-сурдолог-оториноларинголог
1088,Начальник отдела спортивных мероприятий
1089,Воспитатель сада
1090,Изготовитель пищевых полуфабрикатов
1091,Врач-генетик
1092,Начальник центра занятости населения города
1093,Социальный педагог кат
1094,Главный специалист-эксперт по вопросам рынка
1095,Начальник управления департаменте
1096,Заместитель начальника инспекции-заместитель инженера-инспектора
1097,Пдо по информационно-коммуникативным технологиям
1098,Электрик кипа
1099,Пожарный сторож
1100,Врач функц диагностики
1101,Врач-нейрохирург
1102,Сестра неврол каб
1103,Заведующий пункт
1104,Уборщик служ помощник к-та -стом
1105,Оператор-контролер
1106,Главной медсестры
1107,Соц педагог
1108,Заместитель директора по развитию
1109,Специалист по реабилитации инвалидов
1110,Начальник отдела учета учреждениях культуры
1111,Консультант по исполнению функций подразделения
1112,Библиотекарь отдела комплектования
1113,Заместитель начальника управления по очной
1114,Консультант по мобилизационной работе
1115,Библиотекарь сектора обработки комплектования
1116,Ведущий бухгалтер по учету расчетов
1117,Педогог библиотекарь
1118,Мед психолог
1119,Сестра палатная
1120,Руководитель секретариата
1121,Начальник отдела жкх
1122,Врач-терапевт оки
1123,Главный специалист отдела связи
1124,Техник по обслуживанию газовых котлов
1125,Заместитель министра имущества
1126,Исполняющий обязанности директора
1127,Врио главы города льгова
1128,Электромонтер
1129,Специалист по документов
1130,Заместитель директора по управлению внешним
1131,Специалист по умр
1132,Врач- педиатр школы
1133,Работник выполняющий переданные полномочия по
1134,Мастер ковроткач
1135,Начальник управления молод жной политики
1136,Врач- онколог
1137,Заведующая ржавецким
1138,Старший оператор транспорта
1139,Консультант отдела экономики планирование бюджета
1140,Учитель изо технологии
1141,Заведующий отделением врач-анестезиолог-реаниматолог
1142,Руководитель физвоспитания высш кат
1143,Заведующий учебной части
1144,Электромантер по ремонту обслуживанию электрооборудования
1145,Техник по эксплуатации ремонту спортивной
1146,Инженер по обслуживанию машин
1147,Заместитель врача по работе
1148,Инженер по ремонту
1149,Заведующий участковой больницей
1150,Заведующий отделением образования
1151,Специалист отдела кадров
1152,Старший врач станции помощи
1153,Консультант по животноводству обеспечению
1154,Методист по дис
1155,Начальник отдела обучения профориентации соцадаптации
1156,Воспитатель общежития
1157,Ответственный редактор
1158,Главный специалист-эксперта по мобилизационной подготовки
1159,Заместитель директора по эксплуатации объекта
1160,Начальник отдела бухгалтер
1161,Заместитель главы поселка поныри
1162,Киномеханик-кинооператор
1163,Киномеханик киноустановка
1164,Учитель старший
1165,Заведующий отделением врач-колопроктолог
1166,Ведущий специалист-эксперт отдела социального обеспечения
1167,Диспетчер образовательного учреждения
1168,Начальника отдела имущественных отношений
1169,Продавец
1170,Санитарка кдл
1171,Сестра физио каб
1172,Заместитель главы округа
1173,Психолог к-та профилактики
1174,Заместитель главы управляющий делами
1175,Звукооператор
1176,Руководитель центра профориентации содействия трудоустройству
1177,Артист кам -инстр анс
1178,Начальник отдела по спортивно-массовой работе
1179,Художник постановщик образцовый музыкальный театр
1180,Заведующий лабораторией врач-бактериолог
1181,Заведующий отделом искусства
1182,Инженер по охране окружающей среды
1183,Ведущий специалист-эксперт административной комиссии
1184,Ведущий специалист по маркетингу
1185,Заведующий мто
1186,Режиссер массовых мероприятий
1187,Пдо по изо
1188,Главный специалист-эксперта по информационным технологиям
1189,Начальник отдела промышленности строительства жкх
1190,Главный хранитель
1191,Оператор оборудования
1192,Заведующий центральным складом
1193,Врач рефлексотерапевт
1194,Ветеринарный врач отдела ветеринарно-санитарной безопасности
1195,Ведущий программист
1196,Артист-концертный исполнитель ансамбля народных инструментов
1197,Врач-оториноларинголога
1198,Заведующий дневным стационаром-врач-хирург
1199,Хормейстер ансамбля
1200,Плотник
1201,Заместитель по административно-хозяйственной работе
1202,Главный специалист отдела административно-хозяйственного обеспечения
1203,Техник сцены
1204,Заведующий отделением врач-инфекционист
1205,Учитель физкультуры
1206,Руководитель службы обеспечения
1207,Начальник отдела информации
1208,Заместитель глав врача по мед
1209,Специалист по организации контроля
1210,Начальник отдела трудоустройства реализации программ
1211,Санитарка хир к-та
1212,Руководитель студии искусства
1213,Художник-дизайнер
1214,Специалист отдела архитектуры строительства жкх
1215,Заведующий комплексом
1216,Заместитель врача по мед обслуж
1217,Заведующий худ -пост частью
1218,Начальник отдела по выполнению государственных
1219,Методист по работе детьми
1220,Техник по рем аппаратуры
1221,Программист уровня
1222,Заместитель дир по реабилитационной работе
1223,Руководитель медиа центра
1224,Начальник отдела учета доходов санкционирования
1225,Главный специалист-эксперт отдела
1226,Сестра кабинета врача офтальмолога
1227,Врач-гематолог
1228,Настройщик щипковых инструментов
1229,Заместитель врача по обороне мобилизационной
1230,Специалиста-эксперта отдела образования
1231,Диспетчер пожарной связи
1232,Водитель пожарной машины
1233,Преподаватель физики
1234,Врач-детскй хирург
1235,Помощник режисера
1236,Начальник производственного отдела
1237,Начальник отдела анализа данных прогнозирования
1238,Начальник отдела учета отчетности главный
1239,Заместитель директора руководитель службы автоматизированных
1240,Главный специалист-эксперт по кадровым вопросам
1241,Инженер компьютерной техники
1242,Ведущий специалист-эксперт-секретарь комиссии
1243,Дирижер оркестра народных инструментов
1244,Заведующий солнечной участковой больницы-врач-невролог
1245,Химик-эксперт организации
1246,Заведующий поликлиникой врач-оториноларинголог
1247,Заместитель начальника отдела ревизий
1248,Заместитель начальника отдела маркетинга
1249,Начальник отдела планирования обеспечения
1250,Заведующий отделением-врач ультразвуковой диагностики
1251,Ведущий бухгалтер по расчетам пост
1252,Специалист по обеспечению безопасности
1253,Инспектор по эксплуатационным организационным вопросам
1254,Совм -специалист по инвент сооружений
1255,Заведующий отделением врач-неонатолог
1256,Начальник технического отдела
1257,Методист по использованию информационно-коммуникационных технологий
1258,Заведующий художественной части
1259,Заместитель директора по кинообслуживанию заведующая
1260,Заместитель начальника хозяйственного отдела
1261,Директор дши
1262,Врач акуш гинек по оказ
1263,Специалист по вопросам дела
1264,Старший тренер по спорту
1265,Начальник медицинского
1266,Ведущий бухгалтер по учету ценностей
1267,Старший оператор комп набора
1268,Руководитель по вокалу
1269,Руководитель группы
1270,Рабочий по компл обслуживанию
1271,Санитарка стом отд
1272,Санитар кабинета врача -стоматолога -хирурга
1273,Специалист по услугам
1274,Ведущий инженер по метрологии
1275,Приемщик заказов
1276,Заместитель начальника отдела по закупкам
1277,Статистик кабинета мед статистики
1278,Механик по выпуску автотранспортных средств
1279,Ведущий библиограф
1280,Уборщик
1281,Начальник отдела по вопросам опеки
1282,Учитель овз
1283,Сестра терап
1284,Проректор по научной работе
1285,Ведущий специалист-эксперт отдела жкх транспорта
1286,Заместитель начальника отдела по выплате
1287,Повар кондитер
1288,Специалист по икт
1289,Санитарка-уборщица
1290,Техслужающий
1291,Методист досуга молодежи
1292,Референт
1293,Заместитель начальника управления по строительству
1294,Заместитель начальника пожарной части
1295,Художник бутафор
1296,Заведующий научно-техн
1297,Внеурочная деятельность
1298,Специалист по срочной работе
1299,Проректор по обеспечению
1300,Консультант по связям
1301,Слесарь кипиа
1302,Специалист по благоустройству озеленению
1303,Начальник отдела экономического развития прогнозирования
1304,Гардеробщик
1305,Заведующий кабинетом-врач-эпидемиолог
1306,Заместитель директора по организационной проектной
1307,Директора по воспитанию
1308,Оценщик
1309,Врач педиатр-дежур
1310,Заместитель председателя
1311,Заместитель директора по инновационной деятельности
1312,Осмотрщик сооружений
1313,Руководитель коллектива эстрадной песни
1314,Заведующий лаборатории
1315,Заместитель начальника управления по бюджету
1316,Главный специалист-эксперт по вопросам закупок
1317,Главный специалист-старший оперативный дежурный еддс
1318,Специалист по пожарной профилактике
1319,Методист по формированию базы данных
1320,Начальник отдела по учебно-производственным
1321,Начальник отдела технологич надзора
1322,Концертмейстер по классу вокала
1323,Начальник отдела строительства закупок
1324,Специалиста бухгалтера основной отдел
1325,Водитель помощи
1326,Ведущий эксперт по режиму секретности
1327,Врач-психиатр
1328,Дежурный вахтер
1329,Бухгалтер по учету нефинансовых активов
1330,Заместитель директора по вопросам
1331,Рабочая по обслуживанию бани
1332,Руководитель драматическогго коллектива
1333,Ведущий специалист по землеустройству отдела
1334,Руководитель службы
1335,Техник по эксплуатации зданий
1336,Диетсестра
1337,Инженер-программист технического отдела
1338,Администратор центр тестирования вфсо гто
1339,Специалист по учету населения
1340,Консультант отд соц-эконом развития
1341,Водитель дтп
1342,Электромонтер по обслуживанию ремонту электрооборудования
1343,Уборщик служеб помещений
1344,Буфетчик отд оки
1345,Ведущий специалист-эксперт по экономике отчетности
1346,Методист категория
1347,Оператор газовой
1348,Врач ортопед
1349,Начальник отдела инновационных программ
1350,Начальник по производству установке тсодд
1351,Оператор машин
1352,Уборщик служ помощник оки взр
1353,Швея
1354,Ветеринарный врач-гинеколог
1355,Руководитель центра организации первичной медико-санитарной
1356,Техник по ремонту аппарата
1357,Врач терапевт паллиативной помощи
1358,Музыкальный руководитель кат группа
1359,Ведущий эксперт по экономике на
1360,Художник конструктор
1361,Подсобный рабочий по столовой
1362,Санитар отделения
1363,Рабочий по компл обслуж рем
1364,Учитель высш кат овз
1365,Старший сторож отдела транспорта жкх
1366,Начальник отдела по моб работе
1367,Начальник группы
1368,Методист кабинета руководящих кадров практики
1369,Заместитель врача руководитель центра
1370,Заместитель директора по оказанию услуг
1371,Уборщиик служебных помещений
1372,Заведующая сектором работы
1373,Тракторист-экскаваторщик
1374,Заместитель начальника отдела департаменте
1375,Заместитель начальник асс начальник отдела
1376,Экономист по закупкам
1377,Заведующий выездной патронажной службы
1378,Начальник отдела экономики
1379,Начальник отдела-провизор-технолог отдел уничтожени
1380,Заместитель начальника отдела управлении
1381,Инженер по безопасности движения
1382,Уборщик служ помощник проц к-та
1383,Помощник директора
1384,Специалист по начислению выплате ежемесячной
1385,Заведующий центром здоровья врач по
1386,Рабочий по уходу за животными
1387,Начальник отделения
1388,Заместитель директора руководитель центра образования
1389,Подсобный рабочий на кухне
1390,Начальник отдела поддержки молодежных инициатив
1391,Юрис-консульт
1392,Уборщик служ помещ общепол немед
1393,Старший корректор
1394,Заведующая отделом киновидеообслуживания
1395,Ведущий библиотекарь автоматизации иинформационных технологий
1396,Консультант отдела по управлению имуществом
1397,Начальник отдела по правовым общим
1398,Главный специалист эксперт управления строительства
1399,Врач r-отделение
1400,Заместитель по работе
1401,Электромонтер по ремонту обслуживания электрооборудования
1402,Заместитель главы начальник управления
1403,Методист кабинета межкурсовой подготовки педагогическими
1404,Заведующий отделом комплектования
1405,Врио директора школы
1406,Совм преп по руководитель практ
1407,Руководитель рцт вфск гто
1408,Начальник отдела оздоровления отдыха детей
1409,Учитель заместитель дир по работе
1410,Начальник сектора по работе отделами
1411,Главный специалист-эксперт отдела организационной кадровой
1412,Худ-руководитель
1413,Уборщик служ помещ к-та
1414,Воспитатель доу
1415,Исполняющая обязанности директора
1416,Начальник отдела поселка золотухино
1417,Врач дежурант приемн отд
1418,Заместитель упрв делами- начальник отдела
1419,Сестра анестезистка
1420,Начальник фэу
1421,Губернатора
1422,Заведующий постановочной частью театра
1423,Главный специалист эксперт по молодежной
1424,Техслужащая
1425,Кастелянша отд
1426,Оператор котлов
1427,Рабочий по уборке
1428,Врач-педиатор
1429,Преподаватель по внекл раб
1430,Рабочи обслуживанию зданий
1431,Консультант по связям общественностью координации
1432,Консультанта
1433,Изготовитель игровых кукол
1434,Библиотекарь отдела обслужив
1435,Начальник управления по социальным вопросам
1436,Инспектор по охране труда
1437,Начальник отдела правоотношений работы
1438,Заместитель бухгалтера по планированию-начальник отдела
1439,Начальник одела
1440,Заведующий социально-реабилитационным отделением
1441,Начальник отдела отч тности
1442,Главный специалист-эксперт отдела правоотношен инвестиционной
1443,Заведующий дом-музея чепцова
1444,Заместитель директора по доп образованию
1445,Заместитель начальника по статистике работе
1446,Заведующий отделом- психолог
1447,Пдо по анг
1448,Начальник отдела расчетов рабочими служащими
1449,Санитар врача стомотолога терапевта
1450,Инспектор
1451,Водитель автомобиля учебной работе
1452,Врач отделения-врач-инфекционист
1453,Хормейстер творчества театра эстрады
1454,Ведущий специалист-эксперт отдела строительства жкх
1455,Артист-солист-инструменталист
1456,Специалист по упорядочиванию оформлению архивных
1457,Специалист по моделированию транспортной системы
1458,Дежурный администратор спортивных сооружений
1459,Старший эксперт
1460,Заведующий по хозяйственной части
1461,Заместитель начальника отдела по прав
1462,Руководитель представительства обл при правительстве
1463,Начальник отд образования воспитания инспектирования
1464,Аккомпаниатор концертмейстер
1465,Главный специалист-эксперт отдела имущества землепользования
1466,Врач-анестезиолог-раниматолог
1467,Инструктор методист по культуре
1468,Помощник по уходу
1469,Начальник отдела обеспечения деятельности учреждения
1470,Заведующая отд реабилитации-врач-физиотерапевт
1471,Диспетчер
1472,Заведующий отд узких специалистов
1473,Машинист по стирке спецодежды
1474,Специалист по мобилизационной работе
1475,Инженер-преподаватель центра обработки данных
1476,Старший специалист
1477,Системный инженер
1478,Заведующий амбулаторно-поликлиничеким отделением
1479,Заместитель начальника отдела обороны чрезвычайным
1480,Заведующая социальным отделением
1481,Рабочий по комплексной уборке содержанию
1482,Директор центра культуры досуга
1483,Слесарь-бригадир
1484,Руководитель формирования объединения
1485,Заместителя главы
1486,Заместитель начальника бюро по вопросам
1487,Заведующий сестра
1488,Заведующий хозяйством отдела кванториум курске
1489,Врач- хирург для оказания экстренной
1490,Заместитель директора по подготовке
1491,Сестра каб врача уролога
1492,Ответственный за состояние безопасную эксплуатацию
1493,Заместитель директора по инновационной работе
1494,Массажистка первая кат
1495,Заместитель директора по развитию руководитель
1496,Рентгенолаборант без доп тарифа
1497,Дежурный по залу
1498,Заведующая сектора информационно-досуговой работы детьми
1499,Библиотекарь-специалист по библиотечно-выставочной работе
1500,Старший инспектор
1501,Главный специалист эксперт по делопроизводству
1502,Консультант отдела финансов финансового контроля
1503,Методист по профориентации
1504,Инструктор проката
1505,Заместитель директор по увч
1506,Инженер программист отдела защиты информации
1507,Главный вет врач
1508,Старший водитель
1509,Заведующий каб реабилитации
1510,Биолог
1511,Заведующий дневным отделением
1512,Начальник отдела содержания безопасности дорог
1513,Профконсультант
1514,Инженер программист информационно-технического отдела
1515,Фельдшер кабинета профилактики
1516,Учитель основ духовно-нравственной культуры народов
1517,Инструктор по адаптивной культуре
1518,Заведующий концертной деятельностью
1519,Вра-педиатр
1520,Уборщик служ помещ к-та узд
1521,Режисс театра
1522,Директор спортивной школы
1523,Консультант по правовым вопросам
1524,Заведующий отделением программ подготовки квалифицированных
1525,Преподаватель домры
1526,Социолог
1527,Заместитель директора по безопасности образовательного
1528,Заведующий отд обслуживания
1529,Уборщик помещений прием отд
1530,Руководитель объединения
1531,Работник по содержанию кладбища
1532,Пдо по православной культуре
1533,Медбрат
1534,Директор департамента
1535,Инжинер по эксплуатации зданий сооружений
1536,Начальник отдела экономики управления имуществом
1537,Начальникотдела по вопросам реализ целев
1538,Санитарка отделений
1539,Начальник отдела организационной работы органами
1540,Ведущий специалист оператор системы
1541,Методист по искусству
1542,Начальник управления организации службы детства
1543,Заведующий ромо
1544,Консультант по вопросам
1545,Начальник газовой службы
1546,Методист кабинета систем образования
1547,Заместитель главы действующий советниу -го
1548,Начальник отдела документооборота кадровой архивной
1549,Врач неролог пал помощник пол
1550,Пдо по деятельности
1551,Специалист по сопровождению обеспечения
1552,Заместитель главы по общим вопросам
1553,Лаборант r-отделения
1554,Нчальник управления
1555,Художественный руководитель коллектива
1556,Руковоитель объеденения
1557,Заместитель директора-мехпник по выпуску-диспетчер
1558,Заместитель бухгалтера по отрасли культуры
1559,Совм техник по ремонту обсл
1560,Главный специалист-эксперт по размещению заказов
1561,Специалист отдел учета отчетности
1562,Уборщица производственных помещений
1563,Уборщик служ помещ отд мед
1564,Заведующая отд врач-терапевт
1565,Специалист по земельным правоотношениям
1566,Эксперт по комплектованию фонда
1567,Специалист раз отд земел прав
1568,Главный ветеринарный врач станции-заместитель инспектора
1569,Учитель рисования черчения
1570,Главный администратор
1571,Заместитель начальник управления
1572,Шеф-редактор заведующий отделом
1573,Директор оку центра занятости населения
1574,Консультант отдела агрономии земельныз имущественных
1575,Заместитель директора по деятельности
1576,Исполнитель
1577,Начальник отдела-экономист
1578,Санитарка офтальмолог к-та
1579,Младший воспит ночной
1580,Инженер программист отдела аналитики внедрения
1581,Заведующий резерва
1582,Заместитель директора по информационно коммуникационным
1583,Методист по художественной направленности
1584,Младший брат по уходу за
1585,Начальник отдела организационно-правовой кадровой финансовой
1586,Начальник отд по строительству транспорту
1587,Приемщик пункта проката коньков
1588,Заместитель директора учреждения
1589,Заведующий отделением по подготовке специалистов
1590,Начальник управления инвестиционной политики экономики
1591,Начальник отдела социально-экономического развития
1592,Заведующей
1593,Инструктор противопожарной профилактики
1594,Заместитель директора департамента
1595,Директора по воспит взаимодействию
1596,Эксперт управления организации перевозок транспортной
1597,Начальник транспортно-хозяйственного участка
1598,Доцент
1599,Заведующий методики клубной работы
1600,Рентгенолаборант кабинета
1601,Консультант по информационным технологиям услугам
1602,Начальник отдела мониторинга реализации государственных
1603,Специалист отдела строительства архитиктуры имущественных
1604,Заведующий тер отд
1605,Ведущий консультант
1606,Преподаватель ф-но
1607,Диспетчер образовательного процесса
1608,Врач офтальм сад
1609,Исполняющий обязанности начальника отдела агрономии
1610,Директор музея
1611,Инженер по эксплуатации теплотехнического оборудования
1612,Начальник отделв правов организ кадр
1613,Начальник отдела опеки
1614,Врач ультразвуковой диагностики организационно кабинет
1615,Консультант по вопросам строительства архитектуры
1616,Главный специалист эксперт
1617,Заместитель руководителя по работе сетью
1618,Старший дежурный
1619,Рабочийпокомплексобслужремонту
1620,Заместитель главы по строительству градостроительству
1621,Заведующий отделом кадровой работы юридического
1622,Заведующий центра-врач-инфекционист
1623,Культ организатор
1624,Помощ воспит
1625,Заведующий вет участка
1626,Старший методист
1627,Заведующий отделением- врач-невролог
1628,Заместитель директора по административно- хозяйственной
1629,Специалист по обеспечению
1630,Заведующий отделением-врач-педиатр
1631,Консультант отдела по организационной кадровой
1632,Директора по воспитанию взаимодействию детскими
1633,Ведущий инженер по организации эксплуатации
1634,Преподаватель по классу фортепиано
1635,Оператор электронно- машин
1636,Заведующий отделом
1637,Заведующий лабораторией- врач лабораторной диагностики
1638,Ведущий специалист по кадрам делопроизводству
1639,Слесарь -электрик по ремонту электрооборудования
1640,Начальник отдела учета отчетности
1641,Преподаватель- организатор основам безопасности жизнедеятельности
1642,Педагог образования
1643,Ведущий консультант управления экономического планирования
1644,Начальник отдела финансового учета отчетности
1645,Начальник отдела защиты информации
1646,Специалист по защите информации
1647,Начальник отдела по делам
1648,Специалист по вопросам
1649,Специалист отдела обороны чрезвычайных ситуаций
1650,Заместитель директора по организационной работе
1651,Начальник управления обеспечения лицензирования
1652,Помощник оператор
1653,Главный специалист-эксперт отдела учета отчетности
1654,Специалист по закупкам
1655,Начальник отдела культуры по делам
1656,Заместитель главы поселка
1657,Рабочий по ремонту стирке белья
1658,Начальник отдела закупок
1659,Заведующий кабинетом статистики врач-статистик
1660,Ведущий ветеринарый врач
1661,Ведущий специалист-эксперт по контролю
1662,Консультант по работе административной комиссии
1663,Рабочий по обслуживанию ремонту зданий
1664,Заместитель главы начальник управления финансов
1665,Начальник отдела имущества правоотношений
1666,Начальник отдела правовой кадровой организационной
1667,Начальник отдела кадров
1668,Первый заместитель главы
1669,Контролер технического состояния транспортных средств
1670,Заместитель оперативным отделом
1671,Заведующий отделом-врач-терапевт
1672,Специалист обороны
1673,Заместитель директора по управлению
1674,Заведующий отделением профилактики врач по
1675,Инструктор по культуре
1676,Заведующий отделением-врач-рентгенолог
1677,Главный бухгалтер курсов
1678,Председатель ревизионной комиссии
1679,Заместитель бухгалтера
1680,Специалист по охране труда технике
1681,Главный специалист по правовым вопросам
1682,Хормейстер хора
1683,Ведущий бухгалтер по учету
1684,Заместитель директора по безопасности
1685,Заместитель директора руководитель службы по
1686,Инженер по обслуж компьютеров
1687,Методист по учебным дисциплинам работе
1688,Начальник отдела образования
1689,Специалист по работе
1690,Главный специалист- эксперт по вопросам
1691,Врач узд
1692,Консультант отдела по учету финансового
1693,Начальник отдела материально технического снабжения
1694,Инженер по защите информации
1695,Начальник финансового отдела
1696,Главный специалист-эксперт управления аграрной политики
1697,Слесарь по ремонту автомобилей
1698,Заместитель редактора
1699,Начальник планово -экономического отдела
1700,Ведущий специалист эксперт по архивной
1701,Заместитель директора по икт
1702,Методист по культурно-массовой работе
1703,Лаборант техник
1704,Заведующий практикой
1705,Специалист по программным технологиям
1706,Руководитель оркестра
1707,Помощник заместителя председателя правительства
1708,Начальник отдела автоматизированной системы управления
1709,Начальник отдела учета ценностей платы
